"Source:","C:\Users\kurina\Documents\GitHub\EDD-LCP_Control\Electrical\LCP_Controller\LCP_Controller.kicad_sch"
"Date:","7/22/2024 4:31:34 PM"
"Tool:","Eeschema 7.0.10"
"Generator:","C:\Program Files\KiCad\7.0\bin\scripting\plugins/bom_csv_grouped_by_value.py"
"Component Count:","178"

"Collated Components:"

"Item","Qty","Reference(s)","Value","LibPart","Footprint","Datasheet","DNP","Connector Datasheet","Connector PN","ESR","Field4","MPN","PR","Population","Sim.Device","Sim.Params","Sim.Pins","TestPoint"
"1","3","C1, C15, C19","0.1uF","Device:C","Capacitor_SMD:C_0805_2012Metric","~","","","","","","885012207016","","","","","",""
"2","5","C2, C6, C10, C12, C18","1uF","Device:C","Capacitor_SMD:C_0805_2012Metric","~","","","","1mOhm","","CL21B105KOFNNNG","","","","","",""
"3","1","C3","0.1uF","Device:C","Capacitor_SMD:C_0402_1005Metric","~","","","","1mOhm","","GCM155R71C104KA55D","","","","","",""
"4","3","C4, C9, C14","2.2uF","Device:C","Capacitor_SMD:C_0805_2012Metric","~","","","","","","CL21A225KB9LNNC","","","","","",""
"5","1","C5","22uF","Device:C","Capacitor_SMD:C_0805_2012Metric","~","","","","","","CL21A226MPQNNNE","","","","","",""
"6","1","C7","0.1uF","Device:C","Capacitor_SMD:C_0603_1608Metric","~","","","","1mOhm","","GCM188R71H104KA57D","","","","","",""
"7","1","C8","0.22uF","Device:C","Capacitor_SMD:C_1210_3225Metric","~","","","","","","CL32B224KBFNNNE","","","","","",""
"8","2","C11, C13","1F","Device:C_Polarized_Small_US","Capacitor_THT:CP_Radial_D8.0mm_P3.50mm","~","","","","","","HV0810-2R7105-R","","","","","",""
"9","1","C16","1nF","Device:C","Capacitor_SMD:C_0603_1608Metric","~","","","","","","C0603X102J4RECAUTO","","","","","",""
"10","1","C17","10uF","Device:C","Capacitor_SMD:C_0805_2012Metric","~","","","","","","CL21B106KPQNNNE","","","","","",""
"11","2","C20, C21","15pF","Device:C","Capacitor_SMD:C_0603_1608Metric","~","","","","","","C0603C150K5RAC7867","","","","","",""
"12","24","C22, C23, C24, C26, C27, C28, C29, C30, C31, C32, C38, C39, C40, C41, C42, C43, C44, C45, C46, C47, C48, C49, C50, C51","0.1uF","Device:C_Small","Capacitor_SMD:C_0805_2012Metric","~","","","","","","885012207016","","","","","",""
"13","1","C25","10uF","Device:C_Small","Capacitor_SMD:C_0805_2012Metric","~","","","","","","CL21B106KPQNNNE","","","","","",""
"14","1","C33","1uF","Device:C_Small","Capacitor_SMD:C_0805_2012Metric","~","","","","","","CL21B105KOFNNNG","","","","","",""
"15","2","C34, C37","100pF","Device:C_Small","Capacitor_SMD:C_0805_2012Metric","~","","","","","","885012207027","","","","","",""
"16","1","D1","LED_BLUE","Device:LED","LED_SMD:LED_0805_2012Metric","~","","","","","","150080BS75000","","","","","",""
"17","1","D2","LED_RED","Device:LED","LED_SMD:LED_0805_2012Metric","~","","","","","","150080RS75000","","","","","",""
"18","1","D3","LED_GREEN","Device:LED","LED_SMD:LED_0805_2012Metric","~","","","","","","150080GS75000	","","","","","",""
"19","2","D4, D7","RB400VAM-50TR","Device:D_Schottky","Diode_SMD:D_TUMD2","~","","","","","","RB400VAM-50TR","","","SPICE","type=""D"" model=""RB400VAM-50TR"" lib=""""","1=1 2=2",""
"20","2","D5, D6","CDSOT23-SM712","Device:D_TVS_Dual_AAC","Package_TO_SOT_SMD:SOT-23","~","","","","","","CDSOT23-SM712","","","","","",""
"21","4","H1, H2, H3, H4","MountingHole_Pad","Mechanical:MountingHole_Pad","MountingHole:MountingHole_2.5mm_Pad","~","","","","","","","","DNP","","","",""
"22","1","H5","IMU Mounting Hole #1","Mechanical:MountingHole","MountingHole:MountingHole_2.5mm_Pad","~","","","","","","","","DNP","","","",""
"23","1","H6","IMU Mounting Hole #3","Mechanical:MountingHole","MountingHole:MountingHole_2.5mm_Pad","~","","","","","","","","DNP","","","",""
"24","1","H7","IMU Mounting Hole #2","Mechanical:MountingHole","MountingHole:MountingHole_2.5mm_Pad","~","","","","","","","","DNP","","","",""
"25","1","H8","IMU Mounting Hole #4","Mechanical:MountingHole","MountingHole:MountingHole_2.5mm_Pad","~","","","","","","","","","","","",""
"26","1","J1","Conn_01x02","Connector_Generic:Conn_01x02","Connector_Molex:Molex_Micro-Fit_3.0_43045-0212_2x01_P3.00mm_Vertical","~","","","","","","","","","","","",""
"27","1","J2","Conn_01x06","Connector_Generic:Conn_02x03_Top_Bottom","Connector_Molex:Molex_Micro-Fit_3.0_43045-0612_2x03_P3.00mm_Vertical","~","","","","","","","","","","","",""
"28","1","J3","Conn_01x04","Connector_Generic:Conn_01x04","Connector_Molex:Molex_Micro-Fit_3.0_43045-0412_2x02_P3.00mm_Vertical","~","","","","","","","","","","","",""
"29","1","J4","Tag-Connect SWD","Connector_Generic:Conn_01x06","Connector:Tag-Connect_TC2030-IDC-NL_2x03_P1.27mm_Vertical","~","","","","","","","","","","","",""
"30","6","J5, J7, J11, J13, J14, J15","SALEAE_TEST","Connector_Generic:Conn_02x04_Odd_Even","Connector_PinHeader_2.54mm:PinHeader_2x04_P2.54mm_Vertical","~","","","","","","0010897080","","","","","","Iridium COM Test"
"31","2","J6, J17","Conn_Coaxial","Connector:Conn_Coaxial","Connector_Coaxial:U.FL_Hirose_U.FL-R-SMT-1_Vertical"," ~","","","","","","U.FL-R-SMT-1(10)","","","","","",""
"32","1","J8","GPS_Debug","Connector_Generic:Conn_01x04","Connector_PinHeader_2.54mm:PinHeader_1x04_P2.54mm_Vertical","~","","","","","","","","","","","",""
"33","2","J10, J20","Conn_01x04","Connector_Generic:Conn_01x04","Connector_JST:JST_SH_BM04B-SRSS-TB_1x04-1MP_P1.00mm_Vertical","~","","","","","","BM04B-SRSS-TBT(LF)(SN)","","","","","",""
"34","1","J18","Conn_Coaxial","Connector:Conn_Coaxial","Connector_Coaxial:SMA_Amphenol_132134_Vertical"," ~","","","","","","132134-15","","","","","",""
"35","1","J19","ANALOG_CONN","Connector_Generic:Conn_02x04_Odd_Even","Connector_PinHeader_2.54mm:PinHeader_2x04_P2.54mm_Vertical","~","","","","","","0010897080","","","","","",""
"36","1","J21","Conn_01x04","Connector_Generic:Conn_01x04","Connector_PinHeader_2.54mm:PinHeader_1x04_P2.54mm_Vertical","~","","","","","","","","","","","",""
"37","1","J22","Conn_01x04","Connector_Generic:Conn_02x02_Odd_Even","Connector_Molex:Molex_Micro-Fit_3.0_43045-0412_2x02_P3.00mm_Vertical","~","","","","","","","","","","","",""
"38","3","J23, J24, J25","Conn_01x04","Connector_Generic:Conn_02x02_Counter_Clockwise","Connector_Molex:Molex_Micro-Fit_3.0_43045-0412_2x02_P3.00mm_Vertical","~","","","","","","","","","","","",""
"39","1","JP1","SolderJumper_3_Bridged12","Jumper:SolderJumper_3_Bridged12","Jumper:SolderJumper-3_P1.3mm_Bridged12_RoundedPad1.0x1.5mm","~","","","","","","","","","","","",""
"40","3","JP2, JP3, JP4","JMP_Open","Jumper:SolderJumper_2_Open","Jumper:SolderJumper-2_P1.3mm_Open_TrianglePad1.0x1.5mm","~","","","","","","","","","","","",""
"41","2","JP5, JP6","SolderJumper_3_Bridged12","Jumper:SolderJumper_3_Bridged12","Jumper:SolderJumper-3_P1.3mm_Bridged12_RoundedPad1.0x1.5mm_NumberLabels","~","","","","","","","","","","","",""
"42","1","JP7","ADC_GND_JMPR","Jumper:SolderJumper_2_Bridged","Jumper:SolderJumper-2_P1.3mm_Bridged_RoundedPad1.0x1.5mm","~","","","","","","","","","","","",""
"43","1","JP8","S2U_GND_JMP","Jumper:SolderJumper_2_Bridged","Jumper:SolderJumper-2_P1.3mm_Bridged2Bar_Pad1.0x1.5mm","~","","","","","","","","","","","",""
"44","1","L1","12uH","Device:L","Inductor_SMD:L_Bourns_SRR1260","~","","","","23.0mOhm","","SRR1260-120M","","","","","",""
"45","10","Q1, Q5, Q6, Q7, Q8, Q9, Q10, Q11, Q12, Q13","TSM500P02CX RFG ","SparkFun-DiscreteSemi:MOSFET_PCH-DMG2307L","Package_TO_SOT_SMD:SOT-23","https://www.mouser.com/datasheet/2/395/TSM500P02CX_B1811-1918968.pdf","","","","","TRANS-11308","TSM500P02CX RFG ","","","","","",""
"46","1","Q2","BSR14","SparkFun-DiscreteSemi:TRANS_NPN-MMBT2222AL","Package_TO_SOT_SMD:SOT-23","https://www.mouser.com/datasheet/2/308/1/BSR14_D-1802416.pdf","","","","","P4673145","BSR14","","","","","",""
"47","1","Q3","FDN537N","SparkFun-DiscreteSemi:MOSFET-NCH-AO3404A","Package_TO_SOT_SMD:SOT-23","https://www.onsemi.com/pub/Collateral/FDN537N-D.pdf","","","","","TRANS-12988","FDN537N","","","","","",""
"48","1","Q4","TSM500P02CX RFG","SparkFun-DiscreteSemi:MOSFET_PCH-DMG2307L","Package_TO_SOT_SMD:SOT-23","https://www.mouser.com/datasheet/2/395/TSM500P02CX_B1811-1918968.pdf","","","","","TRANS-11308","TSM500P02CX RFG","","","","","",""
"49","1","R1","220k","Device:R","Resistor_SMD:R_0805_2012Metric","~","","","","","","CRG0805F220K","","","","","",""
"50","1","R2","51.0k","Device:R","Resistor_SMD:R_0603_1608Metric","~","","","","","","RC0603FR-0751KL","100.0mW","","","","",""
"51","1","R3","15k","Device:R","Resistor_SMD:R_0402_1005Metric","~","","","","","","CRCW040222K1FKED","63.0mW","","","","",""
"52","16","R4, R7, R8, R10, R11, R14, R18, R19, R20, R21, R22, R23, R24, R25, R32, R33","10k","Device:R","Resistor_SMD:R_0805_2012Metric","~","","","","","","ERA-6AEB103V","","","","","",""
"53","1","R5","1k","Device:R","Resistor_SMD:R_0805_2012Metric","~","","","","","","RC0805JR-071KL","","","","","",""
"54","1","R6","205k","Device:R","Resistor_SMD:R_0805_2012Metric","~","","","","","","RR1220P-2053-D-M","","","","","",""
"55","1","R9","0.01","Device:R","Resistor_SMD:R_2512_6332Metric","~","","","","","","PCS2512DR0100ET","","","","","",""
"56","2","R12, R17","100k","Device:R","Resistor_SMD:R_0805_2012Metric","~","","","","","","RC0805FR-07100KL","","","","","",""
"57","2","R13, R15","12k","Device:R","Resistor_SMD:R_0805_2012Metric","~","","","","","","CRGCQ0805F12K","","","","","",""
"58","1","R16","30.1k","Device:R","Resistor_SMD:R_0805_2012Metric","~","","","","","","RC0805FR-0730K1L","","","","","",""
"59","4","R26, R28, R29, R31","10","Device:R","Resistor_SMD:R_0603_1608Metric","~","","","","","","CRCW060310R0FKEAHP","","","","","",""
"60","2","R27, R30","120","Device:R","Resistor_SMD:R_0603_1608Metric","~","","","","","","CRCW0603120RFKEAHP","","","","","",""
"61","1","RN1","1k","Device:R_Pack04","Resistor_SMD:R_Array_Concave_4x0402","~","","","","","","EXB-28V102JX","","","","","",""
"62","1","RN2","4k7","Device:R_Pack02","Resistor_SMD:R_Array_Concave_2x0603","~","","","","","","EXB-V4V222JV","","","","","",""
"63","2","RN3, RN4","2k2","Device:R_Pack02","Resistor_SMD:R_Array_Concave_2x0603","~","","","","","","EXB-V4V222JV","","","","","",""
"64","3","RN5, RN14, RN16","10k","Device:R_Pack02","Resistor_SMD:R_Array_Concave_2x0603","~","","","","","","EXB-V4V103JV","","","","","",""
"65","4","RN6, RN7, RN8, RN9","Jumper/0Ohm","Device:R_Pack02","Resistor_SMD:R_Array_Convex_2x0402","~","","","","","","YC122-JR-070RL","","","","","",""
"66","6","RN10, RN11, RN12, RN13, RN15, RN17","Jumper/0Ohm","Device:R_Pack04","Resistor_SMD:R_Array_Concave_4x0402","~","","","","","","YC124-JR-070RL","","","","","",""
"67","1","SW1","RESET","Switch:SW_Push","Button_Switch_SMD:SW_SPST_PTS810","~","","","","","","PTS810 SJS 250 SMTR LFS","","","","","",""
"68","1","TP1","VIN","Connector:TestPoint","TestPoint:TestPoint_Keystone_5000-5004_Miniature","~","","","","","","","","","","","","VIN"
"69","1","TP2","3V3","Connector:TestPoint","TestPoint:TestPoint_Keystone_5000-5004_Miniature","~","","","","","","","","","","","","3V3"
"70","1","TP3","GND","Connector:TestPoint","TestPoint:TestPoint_Keystone_5000-5004_Miniature","~","","","","","","","","","","","","GND"
"71","1","TP4","5V3","Connector:TestPoint","TestPoint:TestPoint_Keystone_5000-5004_Miniature","~","","","","","","","","","","","","5V3"
"72","1","U1","BD9G102G-LB","PMEL_PowerICs:LMR50410","Package_TO_SOT_SMD:SOT-23-6_Handsoldering","https://fscdn.rohm.com/en/products/databook/datasheet/ic/power/switching_regulator/bd9g102g-lb-e.pdf","","","","","","BD9G102G-LB","","","","","",""
"73","1","U2","LTC3225","PMEL_PowerICs:LTC3225","Package_DFN_QFN:DFN-10-1EP_2x3mm_P0.5mm_EP0.64x2.4mm","https://www.analog.com/media/en/technical-documentation/data-sheets/3225fb.pdf","","","","","","LTC3225EDDB-1#TRMPBF","","","","","",""
"74","1","U3","ADM4210","PMEL_PowerICs:ADM4210","Package_TO_SOT_SMD:TSOT-23-6","https://www.analog.com/media/en/technical-documentation/data-sheets/ADM4210.pdf","","","","","","ADM4210-2AUJZ-RL7","","","","","",""
"75","1","U4","Artemis_Module","Sparkfun-Artemis:Artemis_Module","PMEL_Modules:Artemis","https://cdn.sparkfun.com/assets/learn_tutorials/9/0/9/Apollo3_Blue_MCU_Data_Sheet_v0_9_1.pdf","","","","","","WRL-15484","","","","","",""
"76","1","U5","IRIDIUM_9603N","PMEL_RF:IRIDIUM_9603N","PMEL_Modules:Iridium_9603n","","","http://suddendocs.samtec.com/prints/ss4-xx-x.xx-x-d-x-xx-tr-mkt.pdf","SS4-10-3.00-L-D-K-TR","","","SS4-10-3.00-L-D-K-TR","","","","","",""
"77","1","U6","MAX-M8Q","RF_GPS:MAX-M8Q","RF_GPS:ublox_MAX","https://www.u-blox.com/sites/default/files/MAX-M8-FW3_DataSheet_%28UBX-15031506%29.pdf","","","","","","MAX-8C-0","","","","","",""
"78","1","U7","LIS2DW12","PMEL_Sensors:LIS2DW12","Package_LGA:LGA-12_2x2mm_P0.5mm","https://www.st.com/resource/en/datasheet/lis2dw12.pdf","","","","","","LIS2DW12TR","","","","","",""
"79","1","U8","ADS1219","PMEL_ADC:ADS1219","Package_DFN_QFN:TQFN-16-1EP_3x3mm_P0.5mm_EP1.23x1.23mm","https://www.ti.com/lit/ds/symlink/ads1219.pdf?ts=1591017919738","","","","","","ADS1219IRTET","","","","","",""
"80","1","U9","MAX14830","PMEL_DriverICs:MAX14830","Package_DFN_QFN:QFN-48-1EP_7x7mm_P0.5mm_EP5.15x5.15mm","https://datasheets.maximintegrated.com/en/ds/MAX14830.pdf","","","","","","MAX14830ETM+T","","","","","",""
"81","2","U11, U12","TRS3122E","PMEL_DriverICs:TRS3122E","Package_DFN_QFN:Texas_RGE0024H_EP2.7x2.7mm_ThermalVias","https://www.ti.com/lit/ds/symlink/trs3122e.pdf?ts=1591021643258","","","","","","TRS3122ERGET","","","","","",""
"82","2","U13, U14","SN55HVD75-EP","PMEL_DriverICs:SN55HVD75-EP","Package_SON:Texas_S-PVSON-N8","http://www.ti.com/lit/ds/symlink/sn55hvd75-ep.pdf?ts=1590698329284","","","","","","SN55HVD75DRBREP","","","","","",""
"83","1","Y1","32.768KHz","Device:Crystal","Crystal:Crystal_SMD_MicroCrystal_CC7V-T1A-2Pin_3.2x1.5mm","~","","","","","","ECS-.327-12.5-34R-TR","","","","","",""
"84","1","Y2","4MHz","Device:Crystal","Crystal:Crystal_SMD_HC49-SD_HandSoldering","~","","","","","","LFXTAL003071BULK","","","","","",""
